<?xml version="1.0" encoding="UTF-8" standalone="yes"?>
<rtc:RtcProfile rtc:version="0.2" rtc:id="RTC:Osaka Univ.:Processing Module:TemplateMatching:1.0.0" xmlns:rtcExt="http://www.openrtp.org/namespaces/rtc_ext" xmlns:rtcDoc="http://www.openrtp.org/namespaces/rtc_doc" xmlns:rtc="http://www.openrtp.org/namespaces/rtc" xmlns:xsi="http://www.w3.org/2001/XMLSchema-instance">
    <rtc:BasicInfo xsi:type="rtcExt:basic_info_ext" rtcExt:saveProject="TemplateMatching" rtc:updateDate="2011-06-27T17:32:29.815+09:00" rtc:creationDate="2011-06-27T17:32:29.815+09:00" rtc:version="1.0.0" rtc:vendor="Osaka Univ." rtc:maxInstances="1" rtc:executionType="PeriodicExecutionContext" rtc:executionRate="0.0" rtc:description="Matching Template Module" rtc:category="Processing Module" rtc:componentKind="DataFlowComponent" rtc:activityType="PERIODIC" rtc:componentType="STATIC" rtc:name="TemplateMatching">
        <rtcExt:VersionUpLogs></rtcExt:VersionUpLogs>
        <rtcExt:VersionUpLogs></rtcExt:VersionUpLogs>
        <rtcExt:VersionUpLogs></rtcExt:VersionUpLogs>
        <rtcExt:VersionUpLogs></rtcExt:VersionUpLogs>
        <rtcExt:VersionUpLogs></rtcExt:VersionUpLogs>
        <rtcExt:VersionUpLogs></rtcExt:VersionUpLogs>
        <rtcExt:VersionUpLogs></rtcExt:VersionUpLogs>
    </rtc:BasicInfo>
    <rtc:Actions>
        <rtc:OnInitialize xsi:type="rtcDoc:action_status_doc" rtc:implemented="true"/>
        <rtc:OnFinalize xsi:type="rtcDoc:action_status_doc" rtc:implemented="false"/>
        <rtc:OnStartup xsi:type="rtcDoc:action_status_doc" rtc:implemented="false"/>
        <rtc:OnShutdown xsi:type="rtcDoc:action_status_doc" rtc:implemented="false"/>
        <rtc:OnActivated xsi:type="rtcDoc:action_status_doc" rtc:implemented="true"/>
        <rtc:OnDeactivated xsi:type="rtcDoc:action_status_doc" rtc:implemented="true"/>
        <rtc:OnAborting xsi:type="rtcDoc:action_status_doc" rtc:implemented="false"/>
        <rtc:OnError xsi:type="rtcDoc:action_status_doc" rtc:implemented="false"/>
        <rtc:OnReset xsi:type="rtcDoc:action_status_doc" rtc:implemented="false"/>
        <rtc:OnExecute xsi:type="rtcDoc:action_status_doc" rtc:implemented="true"/>
        <rtc:OnStateUpdate xsi:type="rtcDoc:action_status_doc" rtc:implemented="false"/>
        <rtc:OnRateChanged xsi:type="rtcDoc:action_status_doc" rtc:implemented="false"/>
        <rtc:OnAction xsi:type="rtcDoc:action_status_doc" rtc:implemented="false"/>
        <rtc:OnModeChanged xsi:type="rtcDoc:action_status_doc" rtc:implemented="false"/>
    </rtc:Actions>
    <rtc:ConfigurationSet>
        <rtc:Configuration xsi:type="rtcExt:configuration_ext" rtcExt:variableName="" rtc:unit="" rtc:defaultValue="lena.png" rtc:type="string" rtc:name="string_file_name">
            <rtcExt:Properties rtcExt:value="text" rtcExt:name="__widget__"/>
        </rtc:Configuration>
        <rtc:Configuration xsi:type="rtcExt:configuration_ext" rtcExt:variableName="" rtc:unit="" rtc:defaultValue="off" rtc:type="string" rtc:name="Image_Window">
            <rtcExt:Properties rtcExt:value="text" rtcExt:name="__widget__"/>
        </rtc:Configuration>
    </rtc:ConfigurationSet>
    <rtc:DataPorts xsi:type="rtcExt:dataport_ext" rtcExt:position="LEFT" rtcExt:variableName="" rtc:unit="" rtc:subscriptionType="" rtc:dataflowType="" rtc:interfaceType="" rtc:idlFile="" rtc:type="Img::TimedCameraImage" rtc:name="InImage" rtc:portType="DataInPort"/>
    <rtc:DataPorts xsi:type="rtcExt:dataport_ext" rtcExt:position="RIGHT" rtcExt:variableName="" rtc:unit="" rtc:subscriptionType="" rtc:dataflowType="" rtc:interfaceType="" rtc:idlFile="" rtc:type="Img::TimedCameraImage" rtc:name="OutImage" rtc:portType="DataOutPort"/>
    <rtc:ServicePorts xsi:type="rtcExt:serviceport_ext" rtcExt:position="LEFT" rtc:name="Model">
        <rtc:ServiceInterface xsi:type="rtcExt:serviceinterface_ext" rtcExt:variableName="ModelAcceptor" rtc:path="" rtc:type="AcceptModelService" rtc:idlFile="/home/araimac/work/rtc/idl/AcceptModel.idl" rtc:instanceName="ModelAccepter" rtc:direction="Provided" rtc:name="ModelAcceptor"/>
    </rtc:ServicePorts>
    <rtc:Language xsi:type="rtcExt:language_ext" rtc:kind="C++"/>
</rtc:RtcProfile>
